{
  "training_date": "2025-12-09T18:20:24.451208",
  "data_shape": [
    73100,
    14
  ],
  "num_products": 20,
  "products": {
    "P0001": {
      "num_samples": 3655,
      "train_loss": 0.08287456631660461,
      "val_loss": 0.08950892835855484
    },
    "P0002": {
      "num_samples": 3655,
      "train_loss": 0.08512922376394272,
      "val_loss": 0.08865991979837418
    },
    "P0003": {
      "num_samples": 3655,
      "train_loss": 0.08466596901416779,
      "val_loss": 0.08265934884548187
    },
    "P0004": {
      "num_samples": 3655,
      "train_loss": 0.08657926321029663,
      "val_loss": 0.08174295723438263
    },
    "P0005": {
      "num_samples": 3655,
      "train_loss": 0.08267764747142792,
      "val_loss": 0.08731957525014877
    },
    "P0006": {
      "num_samples": 3655,
      "train_loss": 0.08732853084802628,
      "val_loss": 0.08509941399097443
    },
    "P0007": {
      "num_samples": 3655,
      "train_loss": 0.08397386968135834,
      "val_loss": 0.08474220335483551
    },
    "P0008": {
      "num_samples": 3655,
      "train_loss": 0.08451839536428452,
      "val_loss": 0.07978814840316772
    },
    "P0009": {
      "num_samples": 3655,
      "train_loss": 0.08631196618080139,
      "val_loss": 0.08246974647045135
    },
    "P0010": {
      "num_samples": 3655,
      "train_loss": 0.08563434332609177,
      "val_loss": 0.08496987819671631
    },
    "P0011": {
      "num_samples": 3655,
      "train_loss": 0.08455324172973633,
      "val_loss": 0.08599638938903809
    },
    "P0012": {
      "num_samples": 3655,
      "train_loss": 0.08464428782463074,
      "val_loss": 0.08121775835752487
    },
    "P0013": {
      "num_samples": 3655,
      "train_loss": 0.08685138821601868,
      "val_loss": 0.07870575040578842
    },
    "P0014": {
      "num_samples": 3655,
      "train_loss": 0.08388868719339371,
      "val_loss": 0.077357716858387
    },
    "P0015": {
      "num_samples": 3655,
      "train_loss": 0.08588296920061111,
      "val_loss": 0.0880424976348877
    },
    "P0016": {
      "num_samples": 3655,
      "train_loss": 0.08429091423749924,
      "val_loss": 0.08120158314704895
    },
    "P0017": {
      "num_samples": 3655,
      "train_loss": 0.08522408455610275,
      "val_loss": 0.08141233772039413
    },
    "P0018": {
      "num_samples": 3655,
      "train_loss": 0.08380478620529175,
      "val_loss": 0.08217539638280869
    },
    "P0019": {
      "num_samples": 3655,
      "train_loss": 0.08533868193626404,
      "val_loss": 0.08335068076848984
    },
    "P0020": {
      "num_samples": 3655,
      "train_loss": 0.08476009964942932,
      "val_loss": 0.08522824943065643
    }
  }
}